,profile-description
0,@aishwaaryaaa
1,"IG ğŸ“¸ : zen.ji.906
Rarely Tinder Use IG"
2,"148 cm
Cover song
Specky boy hits diff :3
Hangout ??
Bestie ><


"
3,Addicted to taller guy ğŸ«¦
4,Yeay turn 20 now HAHAHHH
5,"songwriter & music producer ğŸ¶
a free spirit and also an old soul.
ig: @mardiana.x"
6,I'm Thailand name smile ğŸ’—ğŸ’—
7,"if i donâ€™t reply to your dm thats mean i already uninstalled tinder

ig @shemust2"
8,"Line suphaphon_aomtane
Fb à¸‹à¹Šà¸­à¸­à¸­â€™à¸­à¸­à¸­ à¸­à¸­à¸¡à¸¡à¸¡à¸¡"
9,please tell me why iâ€™m here
10,Treating you based on how interesting you are. I am probably 30% less pretty than what I look in pictures.
11,not here for any kind of -ship
12,"Cats, foods, music and nature lover ğŸ¤ğŸ»"
13,"genuinely new to this, iâ€™m looking for friendsâ€¦/?"
14,"so now what
ig : @lurvyaly"
15,I love u forever.â¤ï¸
16,"156cm

shawty = shortie"
17,"Your perception of me is a reflection of you!!!ğŸ˜‰

I'm a Ladyboy anyway!!!"
18,sleepcall?
19,Feel free to add me to your to-do list.
20,"Gentleman first ğŸ˜˜, need sugar mummy or daddy
"
21,"ig:userr00420_
kengkawan kawan jom
saya ni kelakor orangnyağŸ»ğŸ¸"
22,MENCARI TEMEN JUGA JODOH
23,hi ig
24,About you
25,hate narcissist
26,"no, you didnâ€™t found me hereğŸ’€
iâ€™m 165cm btwğŸ˜¬ no fwb, dtf and so on lol.
saya boleh bawak basikal satu tangan.
we can vibe,talk about stuff and share stories."
27,hi
28,"Massage tradisional
Urut buang angin legakan sakit leguh letih badan berminat PM"
29,"your local half-korean, metal-loving, drummer weeb

pls buy me food and cigarettes, college is making me broke

send me your best pick up lines, not really interested in ""hey""s & ""hi""s"
30,"BORAK JE, LEBIH LEBIH MALAS LAYANğŸŠ"
31,"LGBTQIA+ â˜ºï¸ğŸ³ï¸â€ğŸŒˆğŸŒˆ
Im Ladyboy â˜ºï¸â¤ï¸ğŸ«°




Fb: Maja Montero
Ig: iammajamontero"
32,"1 Malaysian running through my veins ğŸ‡²ğŸ‡¾
â€œ Iâ€™m Malay , Mix ğŸ‡¨ğŸ‡³ â€˜ N â€˜ Mix ğŸ‡®ğŸ‡³ â€œ
hmu @b.arbiedoll"
33,Am a loving and caring person ğŸ’• ğŸ’—
34,"only accept hot people
if you dry donâ€™t come please eeww"
35,happiness not found by me
36,nescafe ice people
37,Interested in serious relationships only
38,Kawan dulu okay...nnti fkir yg seterusnya
39,lookin fr friends.
40,Juz gonna RyÅiki Tenkai my social circle
41,stay numb & i worship cat so much.
42,"Next trip:
Malaysia and Singapore (2023/1/20-29)

22 years ğŸ‡¹ğŸ‡¼ â†’ 3 months ğŸ‡µğŸ‡¹ â†’ 1.5 year ğŸ‡©ğŸ‡ª â†’ 3 months ğŸ‡¨ğŸ‡³ â˜ ï¸ â†’ 2.5 years ğŸ‡»ğŸ‡³..
ãƒ™ãƒˆãƒŠãƒ ã«ä½ã‚“ã§ã‚‹å°æ¹¾äººã§ã™ğŸ™†â€â™€ï¸

Been to 19 countries
171cm tall. would love to try heels some day
@avocajoujou

ğŸ—£ä¸­æ–‡, å°èª, EN, DE.
Learning JN, VN, tennis ğŸ¾ and pole dance
ğŸ¥ ğŸ¸ ğŸ¹ ğŸ"
43,How to play this app ??
44,idk
45,wanna have a date?
46,"Looking for the Enid to my Wednesday. Taylor Swift is mother. And no, I donâ€™t wanna have sex with you."
47,high
48,"Not showing my face here because i don't want people i know, to know I'm using tinder.. does that makes sense? Oh well wtv"
49,"Don talk no swipe ğŸ‘ŒğŸ»
Hi nice to meet you
I like tall guy 175+ please
169/52 32-23-35
Tele : pmn1169
lG : parkminnoey_"
50,umi izinkan i main tinder
51,"im japaneseğŸ‡¯ğŸ‡µ
i like clubs"
52,purposely on tinder because i wanna have someone special by my side to celebrate my birthday next year :)
53,"what iâ€™m up to? itâ€™s none of your fcking business

hit me with your best quotes so i could motivate myself.. fml"
54,kitty! ^v^
55,43
56,currently not into relationship
57,"I love travel
Instagram : ratnaaa.serii"
58,"ğŸ˜‰
english
malay
are u near me?

find me on ig @el_linsya"
59,Fine vibe <3
60,"Follow ig @bbly4na ğŸ’›
sebab tak active sini
"
61,F urself respectfully
62,Should I Celebrate Christmas in Malaysia or Count down New Year in Thailand instead? ğŸ¤­
63,"IG: jasminee_tpy
"
64,malaysian living in norway
65,keep talking
66,i suka makan mekdi
67,"Instagram : mutiaice
No pervert, no fwb. Just looking for hangout friend.
Sometimes i play game Mobile Legends"
68,"Ig:esyaaa_.2
Genshin ?
"
69,"A stray cat from shelter, fluffy fluffy, try to get to know human beings
Ps;( Human will never know how hard for a kitten ğŸˆâ€â¬› to learn their stupid languages)

Speak: mandarin(ghost pepper level);(
English (Carolina pepper level):(
Cattish(sweet chili level):)

Want to make some American friendsssddd, Iâ€™d love to go there againnnnn with my owner

IG:cath5082"
70,"Hello, mana u guys rasa ok for me ? I blond my hair or just black dark brown color only ğŸ˜Š
Cht I d te le gm ye
Sabrinalocal
"
71,Hi im new here! Swipe right if u have a cute smile ğŸ«£
72,Soju?
73,"love? bullshit

rarely here; hmu @ssfearose"
74,"if yall want guestlists for dragonfly (thursdays), swipe right!ğŸ¥‚

also if you wanna be friends im up for that too"
75,
76,
77,
78,will be a good girl in hell ğŸ’‹
79,
80,nothing interesting here
81,"my ig was oliveroliver5108
And telegram was /not ur holly
My fb was Oliver Oliver
I 'm free in there"
82,prove to me that ur cuter than my cat ğŸ«¢
83,
84,Take me to a date !!
85,
86,Let it be you the reason i delete my tinder ğŸ¤
87,@finaqt on ig!
88,Fine vibe <3
89,
90,@my.sfiaa
91,
92,Kelakar la juga
93,
94,
95,Fuck my life and fuck me
96,
97,"5â€™5
need friends ğŸ‘¹
ig & snap ; avocadolyssa"
98,ay sushi?
99,Need a good listener :)
100,"Inst: @karina_rish
traveler and dreamer, living my best life. Looking for a company to make this journey even better ;)
25 y.o., 168/56. I love open-minded people with a good sense of humor, good food, good chat ğŸ’›
English/Ğ ÑƒÑÑĞºĞ¸Ğ¹"
101,151
102,"New to the city, let's hang out."
103,yes im looking for boyfriend here hmu on @breniegirl
104,-1 boyfriend ğŸ¦‹
105,
106,
107,
108,i love llaollao and guy who smells good
109,
110,finding friends i can vibe with
111,Ig: @Mishai_d
112,ğŸ«¶ğŸ»
113,Fuckboy really isn't worth it for me .
114,Am a loving and caring person ğŸ’• ğŸ’—
115,hi
116,
117,Half eurasian half yours
118,
119,
120,Let's meet
121,"nampak je cokia, memang cokia pon"
122,just drop ur number iâ€™ll text you if i want to :)
123,
124,
125,"dtf, 420"
126,
127,
128,HiğŸ¥° letâ€™s be friendsğŸ’—
129,
130,
131,"Idk why Iâ€™m here
FWBâŒ"
132,hmmm idk what to write here
133,"If you're looking for a girl bestie then I'm perfect for you ğŸ¤£ need to hide a body?I'll be there.. wanna go food hunting?Let's gooooğŸ˜‹ but you're driving agagaga

SIKE I'm broke

Uhh fun? I bake for fun ğŸª

2 truths 1 lie:
I played archery
I love pineapple pizza
I went golfing

I'm the kind of girl that eats double cheeseburger while sitting on a yoga mat... no I don't do yoga

I'd rather fall down the hills than fall in love

Ig : @izzatizailani_






"
134,coffee hunting?
135,"I cut my hair and now i have an eyebrow piercing,, if that makes it any better lmaooo"
136,ig ; balenci4rga
137,Swipe right if you want to fix the broken pieces of me. ğŸ‘ğŸ»
138,hi im looking for a boyfriend
139,
140,
141,@nr.naddy
142,chubby girl
143,i do some hot stuff would do
144,"doinâ€™ hawt girl sh!t ğŸ’…ğŸ»

Stop having sex with broke man"
145,
146,Insta: emiliailleborg
147,
148,
149,"INSTAGRAM : @my.casandra

can i be your virtual girlfriend?"
150,prove to me that ur cuter than my cat ğŸ«¢
151,"Mak suruh kawen cptğŸ¤£
Njoi dah selesaiğŸ˜†.. nk yg ikhlas, jujur, sedap mata memandangâ€¦penyang..penyabar..kite on trsğŸ’ƒ"
152,Donâ€™t fucking trust anyone ğŸ–¤
153,"I'm looking for friends ğŸ¥°ğŸ¥°
Btw I don't like coffee â˜•
IG: ___lia.julia"
154,chubby girl
155,hi.
156,i got dimple only on one side ğŸ˜ƒ
157,"Follow ig @bbly4na ğŸ’›
sebab tak active sini
"
158,
159,just a student who is struggling on not burdening her parents with money
160,
161,"Inst: @karina_rish
traveler and dreamer, living my best life. Looking for a company to make this journey even better ;)
25 y.o., 168/56. I love open-minded people with a good sense of humor, good food, good chat ğŸ’›
English/Ğ ÑƒÑÑĞºĞ¸Ğ¹"
162,
163,
164,
165,Bye
166,
167,
168,
169,"Instagram; lizznpc
Yes Iâ€™m chinese"
170,match kena belanja mcd tau hahaha
171,
172,
173,"I really like animals
"
174,Not all glitters are gold
175,
176,nothinâ€™ interesting â€˜bout me
177,howâ€™s ur dad doin
178,Need a good listener :)
179,
180,ig : gail.chinx
181,
182,Be friend ? cafe ? foodhunting ? Nigth vibe ? Lepak mamak ?
183,Need someone who can show me all of the love language
184,"if you know me irl, no you donâ€™t."
185,don't ask me what I'm doing here
186,hmu
187,I have a great personality but thatâ€™s probably not the main reason why you swiped right on me.
188,
189,Idk why im here ğŸ˜Œ
190,@tanitrameera on ig
191,"Not your average Tinderellaâ€¦ You can definitely call me a good girl. But, I can also be bad, if you want to."
192,
193,
194,IG-apink9161
195,ğŸ’• IG : Ain.meeranda
196,love kids and you
197,I need my ATM ? Hahaha JKğŸ¤§
198,you ?
199,Notrealgirl ğŸ ig; zyrascha_
200,"friends //
im bad at talking pls just lead me in conversation,"
201,
202,
203,Boring uni gal
204,i just wanna hv some free drinks :>
205,ğŸ˜ˆğŸ˜ˆ
206,
207,Heâ€™s a 10/10 butâ€¦â€¦
208,
209,"saja fun2 try download tinder, dont expect much from me."
210,Hey
211,good girl ğŸ”ªğŸ“ğŸª„
212,ig _erienaaa ( jom keluar ? )
213,
214,
215,"im malay, yuyi just my nickname ğŸ˜­"
216,"Love cat ğŸ˜º
Looking for serious relationship"
217,"Severely depress bcuz I got dumped ğŸ‘ğŸ»
"
218,Your Princess ?ğŸ‘°ğŸ»â€â™€ï¸
219,"For funsies

Pls don't speak BM with me, I'm a banana ğŸ˜”"
220,"Im someone replaceable in your life and someone who is really loving!
Alia its not my real name but i like it doh"
221,
222,not into fwb ğŸ˜´
223,"Love yoga and cycling.
Single for half year already, where my Mr.Right?
IG-Elva_teh"
224,"á„ƒá…¦á†¯á„…á…µá„‰á…£â€¢å¾·å°”â€¢Ø¯ÙŠÙ„ÙŠØ´â€¢à¹€à¸”à¸¥à¸µà¸Šà¸²
ğŸ‡²ğŸ‡¾ğŸ‡¹ğŸ‡­ğŸ‡®ğŸ‡©ğŸ‡µğŸ‡°
âš½ï¸ğŸ¾ğŸ€ğŸ¸ğŸŒğŸ¼"
225,
226,expand my circle in malacca hehe
227,
228,
229,Nk yg sporting jağŸ˜‹
230,"idk but hit me up if ure 5â€9+
vibes match, we match
Ig : @ysmnfrwza"
231,hey !
232,
233,
234,Ig:a.shahleez
235,
236,"i don't think i""m funny but i can try it to make you laugh and smile and also talkactive ğŸ¤­ Okeyh okeyh fine huaaa actually i can't make a jokeğŸ˜­ chat me onâ¬‡ï¸
ig: moonami._

i love shopping,food,movie and also you.ğŸ‘€

actually i want to find someone can afford me to pay beautician for meğŸ˜‚hahaha nah jokee"
237,"Missionary bcs i like to look at himğŸ©
But jokes aside just looking for friends here
Iâ€™m non binary so hope yall understand why im just looking for friends here
@irispetuna"
238,Just curious :)
239,call me jie . jis is a typo ğŸ’€ dont worry i expect nothing from here.
240,that kind of girl that just love marvel & sushiâ˜¹ï¸
241,
242,helluo librorun
243,"bad at conversation, but I'm trying my best :D
serious conversation only, thank you.

oh, I play Genshin Impact if that matters :)"
244,
245,ğŸ»
246,Looking for friends ğŸ‘€
247,a bit of attention
248,
249,
250,
251,trying to make new friends.
252,
253,
254,
255,ğŸ¦‹
256,Funny guys please hit my line ğŸ™ğŸ»
257,Shakespeare but stand still if you're real
258,
259,
260,"entahla , taktahu nak kata apa"
261,i want to feel loved without feeling like i am begging for it.
262,"soon I will delete this account hehe
anything Find me at xiuanis"
263,170
264,Suka sama sukağŸ’¦
265,
266,
267,
268,"Too short for this age like 12 years old
To hard to handleâ˜¹


moca_sofi"
269,(â â—â â€¢â á´—â â€¢â â—â )â â¤
270,i dont know why i download this apps
271,165cm & probably gonna choose ayam gepuk over you
272,"stfu , i need coffeee"
273,"18 | 147 cm

need a friend"
274,
275,"lowkey a psycho with mom instincts.
No specific type, if your bio funny then i swipe ğŸ¤£"
276,"Iâ€™m here bcs i need someone to talk to lmao
ig: farahdmr_ hehe feels free to talk to mee ğŸ˜”ğŸ«µğŸ»"
277,"hi.


date to marry ğŸ’—
looking for genuine ppl so we can vibe tgt âœ¨
insane cat lady"
278,fcking love late night ride :3
279,
280,"Promise that I smile more in real life:))

@emilie.vinther"
281,"I tak comel, lawa tapi i pandai masakğŸ™ˆğŸ˜†"
282,"Ambassador, hmu gueslist under me
Availabe in brewshack, kyo & metaskyğŸ¥‚â¤ï¸â€ğŸ”¥"
283,
284,
285,"im your daddy .

Ig:belltran__"
286,19
287,Hi somethin srs but let me guess
288,"letâ€™s go on a date
tolong culik saya :3"
289,"the moon is beautiful , isn't it ?

ig; obvnottscha"
290,
291,"lost interest
ig:liadiyana.__"
292,
293,
294,"im sorry im dryyyyyyy
tak beria
yang nak main2 ketepi
demand for goodlooking and fine man
my friends said tinder only for flirting but i want a relay"
295,
296,takes time for me to reply cause I rarely open my tinder app ğŸ«¤
297,forward people scares me or maybe i like it..most of the time idk what i want.. but definitely donâ€™t wanna be played with :) Disclaimer: a very very opinionated person.
298,late night drive .
299,"Ask, donâ€™t predict."
300,"good but not angel.
"
301,"Nurse
@zafirahzafree
NoFake."
302,eh abang jahat
303,
304,wanna see my real face? why don't u send me a text then ğŸ˜—
305,nah
306,"At least you wonâ€™t be jailed, I promise."
307,"Gemini,
Lives in equine, seri kembangan
let bygones be bygones,. ğŸŒ¸
tall is a bonus,. ğŸ˜
No smoking, No drink, no drugs â¤ï¸

#genderproud #notgurl #trans

Pls add my account! I canâ€™t read all massages coz this apps is stuck/suck
Wechat id -diva-
Tele- diva0606

P/s: kau buat la karangan 3hari 4mlm pun! Orang melayu nie malas membaca! Hujung2 dia tnye u stay kt mne?,. ğŸ˜‚ğŸ˜‚ğŸ¤£"
308,
309,
310,What's up
311,ig ; eyraasd
312,ig; h4nieyy
313,hi you
314,18
315,
316,Ngl my type is black guysğŸ™ˆ
317,let me be your woman <3
318,
319,Done
320,I just want boba and sushi
321,something ig? (no fling) probably chilling tgt. we'll see how it goes.
322,
323,"valorant <3
weird how much i love cats yet im allergic to them"
324,talkative sensitive
325,who likes to treat my behavior
326,New
327,
328,"i don't do drugs , i suck someone's daughter soul"
329,âœŒğŸ»
330,I nak cari kawan je.
331,"Hii im layla

Plus I dont do Netflix and chip"
332,unfair
333,
334,"Not into fwb, relationship or ons
Just into friend
Anime lover
Ig: aezahramli
Not always here
"
335,IG : luvserraaa ğŸ™‹ğŸ»â€â™€ï¸
336,meet ?! love shopping
337,
338,ğŸ‡µğŸ‡­ / not into fwb or something!
339,
340,Find me on Instagram: @skaifa_not_found
341,
342,
343,
344,
345,
346,Follow my ig puja_khuzaimah
347,"â€¼ï¸NOT LOOKING FOR ANYTHING (especially sex) SO STOP WASTING YOUR TIMEâ€¼ï¸

â€¢Fashion Student
â€¢Ambassador for @sapphireandco_
(If you like hiphop; HMU IF YOU WANNA BE IN THE GUESTLIST (free entry under my guestlist)

-METASKY;- Wednesday & Saturday
-DRAGONFLY;- Thursday
-KYO;- Sunday

Also, i wont be on tinder often so if you have anything to ask or say, Im dropping off my ig here:
@mishaqis or my twitter: @MishaQistin"
348,"the weeknd ğŸ–¤
money is everything ğŸ˜"
349,
350,Simple
351,"ğŸ“malaysia
du automatisk en 10/10 hvis din personlighed og udseende er ligesom andy samberg"
352,
353,i clearly love left side of my face ğŸŒ
354,"don't mind me, mind ur own business"
355,"ğŸ‡¨ğŸ‡³From China
ğŸ‘©ğŸ»â€ğŸ“Master of Economics
ğŸ‘©ğŸ»â€ğŸ’»finance manager( working in kl)
(Incorrect age, can't change it)"
356,"try me
the amount of catfish and maskfish here is unhealthy"
357,Life mess up ğŸ˜®â€ğŸ’¨
358,chinese guy is precious
359,dumb and dry.
360,"MALAY MALAYSIAN living in LONDON
Now here in Kuala Lumpur â¤ï¸â¤ï¸.
Call me ZULAIKA ğŸ¥°
Transgender ğŸ¥°
Gender proud ğŸŒˆ
I'm okay if you don't like me ğŸ˜œ"
361,
362,
363,
364,@myraojq
365,
366,Friends?
367,
368,
369,ig - mieyrazulkipli
370,
371,"busy with the sun lately
friends <33"
372,ig : pet1te
373,ig or ws
374,swipe right if you wanna be my driver
375,"Daddy lmk that im your only girl
The only man that i need in this gangster world ğŸŒ¹ğŸ’‹"
376,instagram; hazleenhamzah
377,Saya tahu saya cantik and saya suka makan cuba belanja saya makan ğŸ¥ºğŸ‘‰ğŸ»ğŸ‘ˆğŸ»
378,
379,"Swipe right if you like anime
If I don't respond here text me on Â¡nsta zainyxzafar"
380,"act i 19ğŸ‘ŒğŸ» 179ğŸŒ¹
ig: tallgirlonly._"
381,Instagram: victoriatessa__
382,Just for fun
383,
384,just swipe right dont think about itğŸ˜£
385,Letâ€™s just be genuine
386,"Idk how to play this , tapi saja cuba kan ğŸ«  ermm tu je kott"
387,
388,"Just Friends
"
389,"looking for friends ğŸ«¦
@norafiza._"
390,Would you lend me a hug? I promise Iâ€™d give it to you back
391,love deep
392,"0 idea why am i here (again)

pardon my unfriendly face ğŸ™ğŸ»"
393,
394,
395,"idk how to use tinder.
but iâ€™m looking for someone to teman me listen to taylor swift while talking abt cute cats."
396,"i dunno lah HAHHAHA
ğŸ“Jakarta âœ¨"
397,"ğŸ‡µğŸ‡­ ğŸ‡²ğŸ‡¾
ig: @isthisrain"
398,"instagram : bellazaidiii
tiktok : bellazdi"
399,ä¸çº¦
400,Just tired.
401,"å›½é™…æƒ¯ä¾‹åæ»‘çš„å…ˆæ‰“æ‹›å‘¼
çº¯äº¤å‹
ä¸€èˆ¬ä¸åŠ å¾®ä¿¡"
402,
403,itâ€™s lee-chee not lychee
404,
405,
406,
407,
408,learned my lesson
409,Member ?
410,ğŸŒ„ lover
411,
412,
413,Iâ€™ll be your pretty passenger
414,
415,i can cook :3
416,"161/50 blue eyes originally from Russia, Moscow. But I don't know English, if you are ready to communicate through Google â¤ï¸

everything you love and is you ğŸ’—

Inst Lovehoneyanny"
417,Idrk how this thing works
418,
419,Love making friend..want chat at telegram..suka laki married
420,beautiful girl craving prosperity burger
421,broken angel
422,"Hi

Not local

thinking what should i write here

dont twist your word, be straightforward"
423,
424,Halal haram ratio
425,
426,You chat dulu i malas (taknak fwb btw). Looking for a serious relay
427,
428,
429,"Im not noty, not nakal, not searching for fwb
If thats what youre searching for left it is. Just searching for someone to talk with. Going to uninstall this apps in a few day.

"
430,"shh..shut up

.â€™ just not 19"
431,i donâ€™t do fwb or any form of it.
432,
433,"raised by strict parents
not into fwb cause iâ€™m a halal girl ğŸ’€"
434,heyyya :)
435,"Hello there. You can call me Shu Yan. Little blur girl in big city.
Just trying this and making friends and pass the time. Not want to promise we develop any relationship.
Please leave if you just think to have date or sex only.
Will be here on & off but you all can just message anytime, I reply eventually.
Best wishes and happy days!"
436,"im so insecure with myself hence the reason im not showing my face :(

on another note; pls dont approach me if you already have somebody"
437,hmu
438,"Empe Ä‘Ã¢y
"
439,
440,:7yuila
441,
442,Not easy to find a real love by on9 rt ;/
443,"Ion even know
Insta:Cyannmpr"
444,
445,
446,"Please be nice to meâ€¦. I appreciate comfortable seating, love hearing about what makes you obsessed or passionate, and im down for whatever you are."
447,dont mind the interests. my friend set this up
448,hi jom kawan
449,"No smokers, please
And Iâ€™d rather meetâ˜ºï¸

Ğ•ÑĞ»Ğ¸ Ñ‚Ñ‹ Ğ¸Ğ· Ğ Ğ¾ÑÑĞ¸Ğ¸ - Ğ½Ğ°Ğ¿Ğ¸ÑˆĞ¸ ĞºĞ°Ğº Ğ¾Ñ‚Ğ½Ğ¾ÑĞ¸ÑˆÑŒÑÑ Ğº ĞŸÑƒÑ‚Ğ¸Ğ½Ñƒ Ğ¸ Ğ²Ğ¾Ğ¹Ğ½Ğµ Ğ² Ğ£ĞºÑ€Ğ°Ğ¸Ğ½Ğµ.

In theory i look for both - something casual or something â€œseriousâ€. Itâ€™s just kind of a struggle with the second one, when you are polyamorous and never gonna be willing to â€œchange thatâ€.
But if we are going for casual, you wanna treat me like a human being, not like a cute little silly naughty puppy. Iâ€™m never turned on for this attitude.

Eng, Ukr, Rus"
450,"Only interested in serious relationship

swipe left if you hate talkative women"
451,
452,
453,"READ before swipe!!!!!!!!!!!
please know that im a Crossdresser! mtf
sorry..
search it up before swipe please!!
i prefer these two platforms for chatting, tinder is so laggy
ğŸ‘» sc: @syuelll
tele: @syuelll"
454,"nurhaznina humairah@myra
28thn
lahir di malaysia
perwatakan: happy,mudah menangis,kdg2 ada pnas baran sikit, manja dan romantik sikit... mesti korang rimas dengan sikap saya cmnie... â˜ºï¸â˜ºï¸â˜ºï¸â˜ºï¸"
455,"I'm chinese
Like playing badminton ğŸ¸and runningğŸƒğŸ»â€â™€ï¸.
Can do housework and cookingğŸ³.
Like making desserts, cakes, pastries, biscuits and puddings.
Like listening to songs
IG:_steph_0520
"
456,
457,Healing.
458,
459,im a trans from melaka
460,"Love to eat ğŸ¤
laughter ğŸ˜‚"
461,just looking for friends
462,"daddy's babygirl ğŸ–¤
need someone who can spoil me in every way and everything i want"
463,Up for conversation
464,My instagram : adlin.rsln and letâ€™s chat on instagram ğŸ¦‹
465,20.
466,Bella. 24. Shah Alam. Talkative but unfriendly. Insta : @yourqueenhail
467,"
Love sleep"
468,instagram: @katiliah
469,I love skies and poetries. and chinese ğŸ˜¬
470,"swipe right cause i want to know more about you

im 149cm btw"
471,"I won't bite... Well.. It depends lol
Hit me up! Currently in Johore.. Not sure why location is in KL..

P/s: I'm rarely here.. Sorry if i didnt reply if we matched.."
472,"I don't like you, but i like your food
Ig: Cacarooo._"
473,
474,
475,not always here :) message me on instagram instead; @itstormi_
476,
477,Lets be friends and hangoutğŸ«¶ğŸ»
478,Ig// @queendeann__
479,"Let's end this like we should and say we're goodâ¤ï¸ğŸ³ï¸â€ğŸŒˆğŸ³ï¸â€âš§ï¸

Tiktok : the_RaraClara"
480,tatoo lovers
481,
482,-
483,
484,"166ğŸ»
Dry ass texterğŸ¥±"
485,please dont put a high expectation on me
486,hy
487,"Once in a blue moon to online
Reach me on ig ğŸ§•ğŸ»"
488,
489,
490,dah tak hidup
491,"Looking for some good fun ğŸ±â¤ï¸
Faculty of Lawâš–ï¸
I am really into artğŸ‘©â€ğŸ¨
Not looking for anything serious, just fwb, ons or friends ^^
"
492,anak pungut
493,Down for some cringey dates
494,You snooze you lose baby ğŸ˜‰
495,In <3 with you
496,
497,"SD is my initials it stand for my name, im not looking for sugar daddy! ğŸ˜… jangan salah faham.

Won't date anyone unless i saw the potential to marry. Should start taking dating seriously instead of working 9-5. Orang Melayu (:"
498,"Hi ğŸ¤

IG @farrahamiraa"
499,
500,hi ! â™¡Â´ï½¥á´—ï½¥`â™¡ @aniezelizza
501,
502,
503,
504,"-154cm
-98kg
cukup info?

@umzekaa"
505,lookin for d peanut butter to my jelly
506,ayuashyqnn on snapchat ğŸ‘»
507,"
@leeyagffar"
508,i thought we just flirting for fun
509,
510,
511,"When itâ€™s passed 11, thatâ€™s a different side I see
Same halal haram ratio>"
512,"Randumb
5â€™1"
513,letâ€™s be friends . ig ; mairasyaza
514,
515,
516,i treat you based on how you treat me .
517,art gallery dates <3
518,Nice to meet you ğŸ˜ğŸ˜
519,sesad
520,
521,
522,may i know you?
523,green and purple
524,I work out because we didn't
525,
526,IG dinosha_xx
527,saya suka dutchlady
528,For those open minded & like my type.. u can swipe right..
529,"N.syzwni 24...Single

Assistance Manager.....

to find a truly Love ...But kena usaha
Kesetiaan Dan kejujuran dlm sgala hubungan tu pentingggg

Tawakal,usaha selebihnya berserah kpd Yg Maha EsağŸ¤²"
530,Just looking for a cute smile x
531,Sweet like honeyğŸ¯
532,
533,Shh idk why iâ€™m here lol
534,5â€™7 and introvert
535,"Mau cari pacar hehe
Ga perlu Tampan , yang penting rajin kerja dan ROYAL, FWB?"
536,"a talkative and active listener person hmu if you loves to talk . kita suka deeptalk :^
153cm :/
Halal intentions

Disclaimer: Im not that skinny but im kinda funny ig ((tibah))"
537,tengok boleh percaya jangan
538,ğŸ¥°
539,No need to be the perfect but be the bestğŸ¥°
540,"CALL ME â€œ EL â€œ
SABAHAN ğŸŒ¸
A GAMERS
IG : PANDAMALASSS
FB : ELIN ELIA
TELEGRAM : pandamalas
â€œ IM HERE NOT FOR ENTERTAIN â€œ"
541,
542,":> i play genshin. Also starting to play valo :/

"
543,ğŸ« 
544,
545,"I can sing for you hahaha you might regret later ğŸ¥± friends only

A shortie

hmu @hahahanis__"
546,
547,A quÃ¡t e Ã 
548,Hmu!
549,Opss Iâ€™m here just for fun bcs yolo :p
550,nothing special
551,just looking for friends
552,
553,
554,ğŸ’ @natiraamran
555,
556,
557,ğŸ“¸ @ahmadkashfy
558,
559,
560,
561,01
562,Ig: oh.neysa
563,love me
564,not looking for any serious thingy here because i'm definitely ain't cup of your tea.
565,
566,A ladyboy from Philippines looking for her night of the shinning armor...
567,"Skriver du ik fÃ¸rst?

Insta: Dicte4"
568,ello
569,
570,looking for lifetime partner
571,ambivert
572,"Hi, Iâ€™m just bored and looking for my ex bf"
573,introvert
574,"hmu if you want to be friend, I donâ€™t bite

valo jom? :3"
575,"Im just a malay mom dark fantasy in here.Saya lebih menggigil kalau org komen,maki,wajah..sebab kak suka membaca....jenis terangsang pada lainÂ  . Suka baca kata2 liar kata2 nafsu.. kak cri yg dirty talk pasal wajah akak,personiliti akak kluarga akak...yg berbakat carut maki.Lebih carut,maki, hinaan, wajah,personaliti,,kerjaya,personaliti,keluarga Seolah jatuhkan martabat ibu mithali kg ni ..tiada limit ..."
576,
577,I want girlfriends so bad so we can play with makeup togetherğŸ’„
578,
579,Temenan aja ya
580,ig : crstlzvr
581,"Ldy ğŸ£ğŸ£ğŸ£ğŸ£
Hugâ¤ï¸
McflurryğŸ¥¹"
582,"People called me twinkle.
"
583,
584,kucen
585,ig ; lmaoityeen
586,"ig : lilyy086

ğŸ‡²ğŸ‡¾ Chinese / ğŸ‡¹ğŸ‡­ Thai

Back in msia in dec :)"
587,"IG triie3w

looking for friends, not FWB , not 1 night fun. ğŸ˜¡"
588,
589,
590,"Instagram: iam.erin.nurse
Michat: BabyErin87
Telegram: ErinAdriana


I â™¥ï¸Muscular or Lean Fit Guy with Abs (sixpack) ğŸ’ªğŸ˜

Im 35yrs stay at Gombak, I 'am a Transwoman. I'm working as a nurse. My height 184cm and 69kg weight.

Please be kind to me.

Please don't ask me stupid question or i will unmatch you.
"
591,"Noty girl ğŸ»ğŸ’¦
Nothing to do ğŸ˜Œ
Mix â¤ï¸ | swab video & 2 video RM 100 ğŸ¤¤
Happy birthday to me ğŸ¾"
592,
593,
594,"Lost interest is my sport
I dont text first . Also I judge your face
Serabai laa yang hensem je jauh"
595,Heyyo
596,"Instagram: Tranganne
Talk to me"
597,dowan fwb ğŸ¥¹ tapi saya suka jalan2 hee
598,"Saya cuek, hobi makan.suka nya cuan suka kamu nanti rupa nya kamu suka orang lain"
599,Follow my ig ğŸ‘‰ğŸ» Nofamarcel
600,Spoiled
601,"Where is my daddy âœ”ï¸
Strictly no hookupâŒ
No cheapskate âŒ"
602,"DO NOT ever ask me for ons, fwb or etc.
Im not a whore."
603,someone teach me how to flirt please
604,
605,his slut
606,"just looking for something casual, am 168cm
A bit shy but wild on the inside ~
prefer someone who's 178+"
607,"Iâ€™m not into fwb, ons or whatever they call it.

Iâ€™m on instagram most of the time. Feel free to hmu there

ğŸ’Œ IG: @lovelynivy"
608,"
"
609,"talking stage is suck .
btw , wanna streak ?"
610,ğŸ’–ğŸ’œğŸ’™ // i make dad jokes sometimes. looking for someone i can hangout and watch sunsets tgt.
611,
612,
613,"We are not written for one instrument alone; I am not, neither are you.

a catfish looks pretty ugly irl ."
614,"â€œ I love meeting new people with a similar mind and vibe thatâ€™s worth my time ""

Important notes: If you transphobia, please donâ€™t â€œswipe rightâ€ TQ ğŸ˜Š #iamtranswomen"
615,
616,
617,
618,
619,valorant & ğŸ
620,ig : alieyaaa__
621,:)
622,
623,"Coffee or tea?
Ig- syazamuhamad"
624,nothing
625,"tryna be chill and cool, no cringe"
626,Nice to know you . but i already delete my tinder thankyou fr swiping !!!
627,ğŸ‡²ğŸ‡¾ğŸ”ğŸ‡®ğŸ‡³ğŸ” ğŸ‡°ğŸ‡¼ğŸ” ğŸ‡¦ğŸ‡ª
628,Hiii
629,
630,Late night drive anyone??
631,Warm scrambled egg
632,"Shut up, I just lost my hp :)
Hit me up on ig notpaulapamela bcs I don't hv money to pay tinder.
"
633,"a law graduate who is in the middle of quarter life crisis.

hmu and suggest me some underrated campground & good cafes that i should visit

P/S dont ask me what am i doing here on tinder, it really turns me off. you betcha gotta get away from that lame dry-ass convo

âœ¨âœ¨ fatter in person âœ¨âœ¨"
634,iâ€™m 20 and i need friends. i have a really strict parents
635,im crazy u okay about that ?
636,"Nak tawan tawan
Tapi kalau bukan ii wa santau lu mat"
637,
638,
639,No Fwb
640,"ğŸ‡²ğŸ‡¾
she dont need somebody,
she just wanna have fun. ğŸ¦„"
641,"huh?
IG: nxwra666
mix mamak+indonesia+malay la ish"
642,
643,"hmu ?

@vvpixiu"
644,â€”chase atlantic
645,
646,
647,"i love money
"
648,
649,IG : razaa.riana
650,"ENFP here~~ğŸ™‹â€â™€ï¸
æ‰“ä¸ªæ‹›å‘¼äº¤ä¸ªæœ‹å‹å§
åˆ«å®³ç¾ ä¸ä¼šåƒäº†ä½ çš„ğŸ¤£
Just came back to town
Always happy to meet new friendsâ˜ºï¸
Anyone going to the Night of Frights at Sunway?"
651,ISFJ
652,"Sex? No thanks, life fucks me everyday.
My instagram: ynnlli"
653,âœ¨
654,"INSTAGRAM-Marimmar95

Hello Im Fazurah letss friend Chat With me â€¦.Im from Sabah peopleâ€¦"
655,
656,hiï¼Œæˆ‘æ¥è‡ªä¸­å›½
657,I'm tired of crying and such. Now living my life to the fullest! ğŸ¥‚
658,Interested to know about me ? Let's get to know each other ! ğŸ¥°
659,
660,"Beauty never asks for attention. If you love working out & gym, we can be friends ğŸ˜"
661,Rovà¹†
662,Wanna be fwb?ğŸ˜Š
663,"Dancer ğŸ‘¾ valorant ğŸ‘¾
Instagram: @misslolliii"
664,
665,Nothing
666,
667,"I swipe ONLY ON GIRLS. Introvert looking for more girl friends :)
IG: 3mmaholic"
668,
669,"I have a soft spot for man with fit and tanned body. Swipe right if you like chubby Asian girl ğŸ‘
English, Mandarin"
670,"i am here looking for someone who likes to take pictures of me, record me while were on date or maybe meet? But no last min plan

Looking for a man who won't ghost me cs Iâ€™ve been so tired I always meet a man who is so useless and likes to disappear after knowing each other ğŸ˜ª"
671,
672,
673,ğŸ’–ğŸ’œğŸ’™ // i make dad jokes sometimes. looking for someone i can hangout and watch sunsets tgt.
674,"Iâ€™m not into fwb, ons or whatever they call it.

Iâ€™m on instagram most of the time. Feel free to hmu there

ğŸ’Œ IG: @lovelynivy"
675,"
"
676,"If we ever date, you tell no one that we met on the internetâ€¦ Our story is â€œ we met saving a puppy from a burning buildingâ€ ğŸ˜Œ ğŸ"
677,"talking stage is suck .
btw , wanna streak ?"
678,"just looking for something casual, am 168cm
A bit shy but wild on the inside ~
prefer someone who's 178+"
679,ig; dhianneputri
680,"we never change, did we?"
681,
682,i lav flowers :p
683,sleep call?
684,I just wanna be a cat
685,god please let me end this loneliness
686,
687,
688,Hope to meet you soon
689,Dont be fool by my rbf cause im nicer than you think
690,
691,I just wanna hang out. We could talk or go somewhere. Only looking for friends nothing more.
692,
693,need new podcast recommendations
694,I'm bi :)
695,kawan saya kata saya tak cantik
696,nak partner ada kereta
697,less is more
698,"i love ayam gepuk so much, would prefer someoneâ€™s taller than me ğŸ˜"
699,
700,
701,"Ride me with ur super bğŸ¦‹

Ig. utarsz"
702,hii ! slide right if you r soft spokenğŸ«¶ğŸ» bonus point if you know the sims ğŸ¤©
703,@ra.amyraa
704,hang out mybe
705,im a princess.
706,
707,Hiii! I'm Mari. I like mangoes. Would like if u buy me stuff :)
708,Talk with any random topic? Or Van Gogh Art Exhibit?
709,"here to boost my ego
"
710,
711,"Not your skinny type of girl, on tiktok as well ğŸ¤ª"
712,
713,24 y ğŸ‡¹ğŸ‡­ğŸ‡ºğŸ‡¸(rarely play)
714,time will heal everything
715,ig:mimiffffff
716,
717,"I'm more into food hunting if there any place new or interesting pls suggestğŸ˜‰.

Kinda into taller guys (175 and above), if u r not still can be friends right. I'm not picky."
718,
719,"Cats mommy | 5'7
Ig:mulberryleaves_
ğŸ‡¹ğŸ‡­
Guess how many piercing on my faceğŸ¤ª"
720,
721,"Looking for serious relationship..hahaja
Love sports ,board games, travel and sleep
need to loose all the energy in the night.
Doing some crazy stuff .."
722,
723,"Only interested to find accompany with the same interest like art class; glasswork, pottery, painting wtc. Cooking class, volunteering works, coffee making, traditional dessert making and cultural learning. Into deep various topics conversation that not inclusive of sex nor past traumas.

@hyiinavn"
724,"Me and my friend are travelling south east Asia for the next 2 months. Currently in Kuala Lumpa looking for some people to party with and go see some cool things
IG: ğŸ“¸ Mackenzie.barclay1 ğŸ‡³ğŸ‡¿ğŸ‡³ğŸ‡¿"
725,
726,
727,nak cari partner pergi masdo :/
728,"tembak kang
bukan asal sini
tapi asal boleh"
729,IG : __kamyphan
730,"is actually 19ğŸ‘ğŸ‘„ğŸ‘
ps/ I grew up w my dad spoiling me"
731,"come on,be my tinder dateğŸ¤¨"
732,"
infjâ™¡ï¸"
733,
734,kentang yg bergoreng
735,
736,Letâ€™s get to know each other more.
737,
738,"Iâ€™m not into fwb, ons or whatever they call it.

Iâ€™m on instagram most of the time. Feel free to hmu there

ğŸ’Œ IG: @lovelynivy"
